station_id,name,lon,lat,address,num_bikes_available,num_bikes_disabled,last_reported,distance_to_Hamilton_downtown,FS_sum_distance,FS_POI_count,FS_avg_distance,Yelp_sum_distance,Yelp_POI_count,Yelp_avg_distance
hub_540,Sanders at Hollywood,-79.9264810904732,43.2599031676959,"26, Sanders Boulevard, University Gardens, Hamilton, Ontario",27,0,2024-03-09 15:06:26,5250.0,4513.0,10.0,451.3,11432.20361643858,20.0,571.610180821929
hub_545,Emerson at Whitney,-79.9222158171462,43.2521423210113,"202, Emerson Street, University Gardens, Hamilton, Ontario",16,0,2024-03-09 15:06:26,4940.0,5883.0,10.0,588.3,14334.440094257829,20.0,716.7220047128915
hub_557,Dundurn at Aberdeen,-79.89265590906143,43.251458458949,"330-346 Dundurn Street South, Hamilton",13,0,2024-03-09 15:06:26,2610.0,4996.0,10.0,499.6,13007.25335886951,12.0,1083.9377799057925
hub_571,Oxford at York,-79.8777937889099,43.26456372689135,"40-48 Oxford Street, Hamilton",13,0,2024-03-09 15:06:26,1510.0,5274.0,10.0,527.4,17638.011047128377,20.0,881.9005523564189
hub_554,Macklin at King,-79.8964982026467,43.2621672804245,"768, King Street West, McMaster Innovation Park, Hamilton, Ontario",12,0,2024-03-09 15:06:26,2860.0,4685.0,10.0,468.5,16839.43256212422,20.0,841.971628106211
hub_576,Bay at York,-79.87338691949844,43.25906138152248,"55 Bay Street North, Hamilton",12,0,2024-03-09 15:06:26,960.0,3450.0,10.0,345.0,10610.007559082555,20.0,530.5003779541278
hub_547,Westdale Village,-79.90508794784544,43.26201477888108,"25 Marion Avenue South, Hamilton",12,0,2024-03-09 15:06:26,3550.0,2684.0,10.0,268.4,1952.2721606185128,20.0,97.61360803092563
hub_530,Cootes at York and King,-79.94965553283691,43.26558132306987,"10 Cootes Drive, Hamilton",11,0,2024-03-09 15:06:26,7180.0,2242.0,10.0,224.2,7390.2976206244875,20.0,369.5148810312244
hub_551,Longwood at Edgevale,-79.8993094512,43.2662112220324,"78, Longwood Road North, Westdale, Hamilton, Ontario",11,0,2024-03-09 15:06:26,3190.0,6078.0,10.0,607.8,13899.918714036734,20.0,694.9959357018367
hub_542,Sterling at Whitton,-79.9133658840373,43.2622271626907,"139, Sterling Street, Westdale, Hamilton, Ontario",11,0,2024-03-09 15:06:26,4220.0,5093.0,10.0,509.3,12470.812947755061,20.0,623.5406473877531
hub_624,McMaster Health Sciences,-79.91824820637703,43.26053126154136,"CIBC, University Avenue, Westdale, Hamilton, Ontario",10,0,2024-03-09 15:06:26,4590.0,2817.0,10.0,281.7,12144.053265099608,20.0,607.2026632549804
hub_549,Main at Columbia College,-79.90785866975784,43.2585671813327,"82 Newton Avenue, Hamilton",9,0,2024-03-09 15:06:26,3740.0,6957.0,10.0,695.7,9019.215624523822,20.0,450.9607812261911
hub_802,Hess at king,-79.87721174955368,43.259125842121065,"15 Hess Street North, Hamilton",9,0,2024-03-09 15:06:26,1270.0,1689.0,10.0,168.9,,,
hub_579,Bayfront Park,-79.87132698297499,43.26928827622911,"Harbour Front Drive, North End, Hamilton, Ontario",9,0,2024-03-09 15:06:26,1500.0,5981.0,10.0,598.1,16836.07458615451,20.0,841.8037293077256
hub_625,McMaster Mary Keyes,-79.92224670946598,43.26246012002058,"Matthews Hall, Scholars Road, Westdale, Hamilton, Ontario",8,0,2024-03-09 15:06:26,4930.0,2937.0,10.0,293.7,10854.441746380115,20.0,542.7220873190057
hub_580,Ainslie at Emerson,-79.9234422627427,43.2495181157076,"65 Ainslie Avenue, Hamilton",8,0,2024-03-09 15:06:26,5090.0,,,,19850.92867737561,20.0,992.5464338687805
hub_541,King at Cline,-79.9092948353051,43.2605367847852,"1108 King Street West, Hamilton",8,0,2024-03-09 15:06:26,3870.0,6693.0,10.0,669.3,6886.843586045992,20.0,344.3421793022996
hub_2919,Barton at Ottawa - ERI06,-79.81602117419243,43.25147804372769,"437-443 Ottawa Street North, Hamilton",8,0,2024-03-09 15:06:26,3760.0,5991.0,10.0,599.1,9489.024753595271,20.0,474.45123767976355
hub_608,James at Colbourne,-79.8660421593136,43.2637774120007,"295 James Street North, Hamilton",8,0,2024-03-09 15:06:26,760.0,3275.0,10.0,327.5,6600.6964399363615,20.0,330.0348219968181
hub_5333,Main at Dalewood,-79.91383865476678,43.25802547698811,"1150-1152 Main Street West, Hamilton",8,0,2024-03-09 15:06:26,4230.0,3547.0,10.0,354.7,11153.516195860622,20.0,557.6758097930311
hub_778,Aberdeen at Studholme,-79.899692892407,43.2526283084979,"34 Studholme Road, Hamilton",8,0,2024-03-09 15:06:26,3130.0,6257.0,10.0,625.7,21243.552741950076,20.0,1062.1776370975037
hub_5845,Jackson Square,-79.86957684159279,43.25693469264953,"2-44 King Street West, Hamilton",8,0,2024-03-09 15:06:26,650.0,3344.0,10.0,334.4,6026.39563258805,20.0,301.3197816294025
hub_566,Aberdeen at Queen,-79.8836993988543,43.2488085584277,"ABERDEEN at SPRUCESIDE, Hamilton",7,0,2024-03-09 15:06:26,2040.0,6436.0,10.0,643.6,15426.76971213501,20.0,771.3384856067505
hub_601,Stinson at West,-79.859726111821,43.2494985579078,"93, West Avenue South, Corktown, Hamilton, Ontario",7,0,2024-03-09 15:06:26,930.0,5509.0,10.0,550.9,16785.69150108598,20.0,839.284575054299
hub_578,Bay at Strachan,-79.8679232597351,43.26785864558976,"325 Bay Street North, Hamilton",7,0,2024-03-09 15:06:26,1230.0,4580.0,10.0,458.0,14421.495133459473,20.0,721.0747566729736
hub_581,Strachan at Mary,-79.86042380332947,43.265938747249415,"101 Strachan Street East, Hamilton",7,0,2024-03-09 15:06:26,910.0,5014.0,10.0,501.4,16218.197623630958,20.0,810.9098811815479
hub_574,Bay at Bold,-79.8753935613187,43.2538302267771,"100 Bold Street, Hamilton",7,0,2024-03-09 15:06:26,1200.0,4604.0,10.0,460.4,15277.107967182925,20.0,763.8553983591462
hub_707,McMaster Student Centre,-79.91714715957642,43.26274333966465,"Sterling Street, McMaster University, Hamilton",7,0,2024-03-09 15:06:26,4530.0,1874.0,10.0,187.4,14286.996937847738,20.0,714.349846892387
hub_550,Longwood at King,-79.9009418422827,43.2630174571678,"881, King Street West, Westdale, Hamilton, Ontario",7,0,2024-03-09 15:06:26,3230.0,3909.0,10.0,390.9,7676.457034173482,20.0,383.8228517086741
hub_1397,King at Mary,-79.86437804996967,43.25519606248058,"151-163 Hamilton Regional Road 8, Hamilton",7,0,2024-03-09 15:06:26,360.0,5256.0,10.0,525.6,5806.372057066069,20.0,290.31860285330345
hub_2570,Athletic Centre Bike Racks,-79.91574570536613,43.26471509784132,"Stearn Drive, McMaster University, Hamilton",7,0,2024-03-09 15:06:26,4450.0,3528.0,10.0,352.8,,,
hub_536,Main at Whitney,-79.93979036808014,43.25205234935895,"1850, Main Street West, University Gardens, Ancaster, Hamilton, Ontario",7,0,2024-03-09 15:06:26,6360.0,4248.0,10.0,424.8,11765.785377077473,20.0,588.2892688538736
hub_611,Cannon at Sherman,-79.8374917817979,43.2533992835566,"61-65 Sherman Avenue North, Hamilton",6,0,2024-03-09 15:06:26,2020.0,,,,12972.350791319383,20.0,648.6175395659691
hub_609,Ferguson at King,-79.86223563551903,43.25400491861888,"4523 Ferguson Avenue South, Hamilton",6,0,2024-03-09 15:06:26,420.0,6567.0,10.0,656.7,8723.312017452468,20.0,436.16560087262343
hub_830,Rifle Range at Rail Trail,-79.9298771288198,43.2554850097816,"64 Rifle Range Road, Hamilton",6,0,2024-03-09 15:06:26,5530.0,3346.0,10.0,334.6,11349.659586797552,20.0,567.4829793398776
hub_597,Stinson at Blythe,-79.8550984051804,43.2480282225403,"12-38 Blythe Street, Hamilton",6,0,2024-03-09 15:06:26,1210.0,5852.0,10.0,585.2,20793.41625822978,20.0,1039.670812911489
hub_905,Tisdale at Main,-79.85307991504669,43.25191559879094,"9-23 Tisdale Street South, Hamilton",6,0,2024-03-09 15:06:26,950.0,4904.0,10.0,490.4,13381.800616574421,20.0,669.0900308287211
hub_593,Victoria at Barton,-79.853318631649,43.26124519046125,"286-300 Victoria Avenue North, Hamilton",6,0,2024-03-09 15:06:26,780.0,4407.0,10.0,440.7,13047.61264062706,20.0,652.380632031353
hub_591,Ferguson at King William,-79.8614431097373,43.2551792486624,"4-12 Ferguson Avenue North, Hamilton",6,0,2024-03-09 15:06:26,290.0,6672.0,10.0,667.2,9434.411915755418,20.0,471.7205957877709
hub_959,West Harbour GO Station,-79.86611008644103,43.26624929442286,"282 MacNab Street North, Hamilton",6,0,2024-03-09 15:06:26,1010.0,4104.0,10.0,410.4,12734.370734070317,20.0,636.7185367035158
hub_2921,Maple at Rothsay - ERI08,-79.8250025510788,43.24216273334376,"394 Maple Avenue, Hamilton",6,0,2024-03-09 15:06:26,3440.0,5019.0,10.0,501.9,12147.353867075337,20.0,607.3676933537669
hub_606,Bay at Macaulay,-79.86627101898192,43.27236225898336,"492 Bay Street North, Hamilton",6,0,2024-03-09 15:06:26,1660.0,6385.0,10.0,638.5,14153.998853209021,20.0,707.699942660451
hub_6157,Westdale Aviary,-79.90748047828674,43.26486897083389,"85, Oak Knoll Drive, Westdale, Hamilton, Ontario",6,0,2024-03-09 15:06:26,3790.0,4757.0,10.0,475.7,8402.976268820861,20.0,420.14881344104305
hub_567,Charlton at Queen,-79.88158643245697,43.25200741706332,"195 Charlton Avenue West, Hamilton",6,0,2024-03-09 15:06:26,1740.0,4415.0,10.0,441.5,12317.296360079916,20.0,615.8648180039958
hub_527,Seedworks,-79.86361294984816,43.25911119199103,"126 Catharine Street North, Hamilton",6,0,2024-03-09 15:06:26,220.0,3937.0,10.0,393.7,8309.542617545902,20.0,415.47713087729505
hub_569,Hunter at Hess,-79.87889617681503,43.255383107655966,"131-133 Hess Street South, Hamilton",6,0,2024-03-09 15:06:26,1420.0,3949.0,10.0,394.9,14337.114637626624,20.0,716.8557318813312
hub_562,Charlton at Locke,-79.886634349823,43.25332704523968,"321 Charlton Avenue West, Hamilton",6,0,2024-03-09 15:06:26,2080.0,2970.0,10.0,297.0,9350.41049430007,20.0,467.5205247150035
hub_556,Dundurn Stairs,-79.8947787566411,43.2465214141618,"534, Dundurn Street South, Chedoke Park, Hamilton, Ontario",6,0,2024-03-09 15:06:26,2960.0,6095.0,9.0,677.2222222222222,17522.14756263447,20.0,876.1073781317234
hub_544,Westdale Library,-79.90359663963316,43.2627159943772,"955 King Street West, Hamilton",6,0,2024-03-09 15:06:26,3440.0,2802.0,10.0,280.2,4243.822456308556,20.0,212.1911228154278
hub_2923,Dunsmure at Sherman - ERI10,-79.8388883471489,43.24943274108067,"44 Dunsmure Road, Hamilton",5,0,2024-03-09 15:06:26,2060.0,4044.0,10.0,404.4,13812.625618233551,20.0,690.6312809116775
hub_614,Gage Park,-79.83040988445282,43.24344818701565,"190 Gage Avenue South, Hamilton",5,0,2024-03-09 15:06:26,2990.0,6258.0,10.0,625.8,,,
hub_622,McMaster Emerson,-79.91978779435158,43.258038792898375,"Main Street West, Emerson at Main, Hamilton",5,0,2024-03-09 15:06:26,4710.0,2177.0,10.0,217.7,6754.548606332552,20.0,337.7274303166276
hub_623,McMaster Arthur Bourns,-79.922358671032,43.2599690032886,"2000 College Court, McMaster University, Hamilton",5,0,2024-03-09 15:06:26,4920.0,3326.0,10.0,332.6,9069.074075951114,20.0,453.4537037975557
hub_559,Main at Dundurn,-79.8892092704773,43.25966301112219,"91 Dundurn Street South, Hamilton",5,0,2024-03-09 15:06:26,2240.0,2675.0,10.0,267.5,14375.212130817972,20.0,718.7606065408986
hub_2915,Mars at Wentworth - ERI01,-79.84364993870258,43.26534015820083,"100 Mars Avenue, Hamilton",5,0,2024-03-09 15:06:26,1680.0,5571.0,10.0,557.1,16449.69713473628,20.0,822.4848567368141
hub_538,Whitney at Lower Horning,-79.9354198942367,43.2518522355378,"377, Whitney Avenue, University Gardens, Hamilton, Ontario",5,0,2024-03-09 15:06:26,6010.0,4501.0,10.0,450.1,14496.408514161543,20.0,724.8204257080772
hub_537,Osler at Main,-79.9342255404988,43.2572539435115,"1686 Main Street West, Hamilton",5,0,2024-03-09 15:06:26,5880.0,4309.0,10.0,430.9,8985.830496388031,20.0,449.29152481940156
hub_565,York at Inchbury,-79.8819495909127,43.2659146108256,"460 York Boulevard, Hamilton",5,0,2024-03-09 15:06:26,1880.0,4584.0,10.0,458.4,15182.166591308664,20.0,759.1083295654332
hub_2922,King at Dunsmure - ERI09,-79.82685998082161,43.24634382646498,"304 Dunsmure Road, Hamilton",5,0,2024-03-09 15:06:26,3090.0,5439.0,10.0,543.9,11803.99513408978,20.0,590.199756704489
hub_2926,Westinghouse at Barton - ERI13,-79.84240606427193,43.25831920066756,"9 Westinghouse Avenue, Hamilton",5,0,2024-03-09 15:06:26,1560.0,4023.0,10.0,402.3,14097.000782203379,20.0,704.850039110169
hub_560,King at Dundurn,-79.88798081874847,43.26240933566922,"9-11 Dundurn Street North, Hamilton",5,0,2024-03-09 15:06:26,2190.0,3017.0,10.0,301.7,14020.525652483553,20.0,701.0262826241776
hub_590,Ferguson at Cannon,-79.8598228455297,43.2587508364231,"156, Cannon Street East, Beasley, Hamilton, Ontario",5,0,2024-03-09 15:06:26,180.0,3843.0,10.0,384.3,13089.332958181574,20.0,654.4666479090787
hub_535,Osler at Grant,-79.9426434441838,43.2595496051254,"89-101 Osler Drive, Hamilton",5,0,2024-03-09 15:06:26,6560.0,1759.0,10.0,175.9,13666.76954363003,20.0,683.3384771815015
hub_5402,Pearl Street Bridge,-79.88345324993132,43.25650634283747,"107 Pearl Street South, Hamilton",5,0,2024-03-09 15:06:26,1770.0,5156.0,10.0,515.6,9361.725309065876,20.0,468.0862654532938
hub_5426,Hill Street Park,-79.88822355870525,43.25672417073905,"22 Hill Street, Hamilton",5,0,2024-03-09 15:06:26,2150.0,6111.0,10.0,611.1,10229.791140529074,20.0,511.4895570264537
hub_5790,Beasley Park,-79.86106485128403,43.25891916811838,"55 Elgin Street, Hamilton",5,0,2024-03-09 15:06:26,140.0,4361.0,10.0,436.1,11899.940023368028,20.0,594.9970011684014
hub_585,Eastwood Arena,-79.856711442486,43.271621271914,"111, Burlington Street East, North End, Hamilton, Ontario",5,0,2024-03-09 15:06:26,1590.0,5077.0,10.0,507.7,17814.30273694306,20.0,890.715136847153
hub_582,Hughson at Picton,-79.861626657542,43.2701169222876,"448, Hughson Street North, North End, Hamilton, Ontario",5,0,2024-03-09 15:06:26,1370.0,3753.0,10.0,375.3,14069.361493977465,20.0,703.4680746988732
hub_5836,King at Barnesdale,-79.83547054231167,43.25124627968789,"976 King Street East, Hamilton",5,0,2024-03-09 15:06:26,2240.0,3037.0,10.0,303.7,11296.987632082284,20.0,564.8493816041142
hub_626,McMaster Stadium,-79.91868138313293,43.26462232214244,"Stearn Drive, McMaster University, Hamilton",5,0,2024-03-09 15:06:26,4680.0,2304.0,10.0,230.4,14885.804606983838,20.0,744.2902303491919
hub_577,Bay at Mulberry,-79.87180307507515,43.26319844157448,"177, Bay Street North, Hess Village, Hamilton, Ontario",5,0,2024-03-09 15:06:26,1020.0,4680.0,10.0,468.0,11758.383651645216,20.0,587.9191825822608
hub_779,Hunter at Park,-79.8733946157064,43.2543192007999,"61 Hurst Place, Hamilton",4,0,2024-03-09 15:06:26,1020.0,4322.0,10.0,432.2,13389.959806147252,20.0,669.4979903073626
hub_555,McMaster Innovation Park,-79.9011692404747,43.25656885270854,"175 Longwood Road South, Hamilton",4,0,2024-03-09 15:06:26,3200.0,4829.0,10.0,482.9,14225.25631723555,20.0,711.2628158617774
hub_867,Queen at George,-79.8793575167656,43.25812181171754,"34-54 Queen Street South, Hamilton",4,0,2024-03-09 15:06:26,1430.0,2156.0,10.0,215.6,9883.357201283077,20.0,494.16786006415384
hub_2920,Ottawa at Dunsmure - ERI07,-79.81923043727875,43.2444465978823,"463 Dunsmure Road, Hamilton",4,0,2024-03-09 15:06:26,3740.0,3889.0,10.0,388.9,8125.257986502353,20.0,406.26289932511764
hub_903,Duke at James,-79.87135380506516,43.25163037518954,"180 James Street South, Hamilton",4,0,2024-03-09 15:06:26,1040.0,3330.0,10.0,333.0,7991.216019121885,20.0,399.5608009560943
hub_960,Pier 4,-79.86689731478691,43.27260051521549,"50 Leander Drive, Hamilton",4,0,2024-03-09 15:06:26,1700.0,4492.0,10.0,449.2,13760.043191042118,20.0,688.0021595521059
hub_1063,Main and Wellington,-79.86008584499359,43.25281814686537,"250 Main Street East, Hamilton",4,0,2024-03-09 15:06:26,570.0,2635.0,10.0,263.5,12957.584128860122,20.0,647.8792064430061
hub_1252,Cumberland at Blake ,-79.84050840139389,43.24333095563425,"237-243 Cumberland Avenue, Hamilton",4,0,2024-03-09 15:06:26,2350.0,6928.0,10.0,692.8,17358.019862272944,20.0,867.9009931136472
hub_1253,Main at Eastbourne,-79.84201848506926,43.24814116192469,"700 Main Street East, Hamilton",4,0,2024-03-09 15:06:26,1920.0,5249.0,10.0,524.9,15158.011149334354,20.0,757.9005574667177
hub_1287,Cannon at Ottawa,-79.8180502653122,43.2475653052787,"1182-1188 Cannon Street East, Hamilton",4,0,2024-03-09 15:06:26,3710.0,4269.0,10.0,426.9,4976.229904502953,20.0,248.81149522514767
hub_5827,John near King,-79.86623145639896,43.25652795268133,"16 John Street North, Hamilton",4,0,2024-03-09 15:06:26,400.0,3199.0,10.0,319.9,3906.4559158126604,20.0,195.32279579063302
hub_5837,King at Sherman,-79.83823858201504,43.2513467527978,"924, King Street East, Hamilton, Ontario",4,0,2024-03-09 15:06:26,2029.9999999999998,7065.0,10.0,706.5,13999.529709277325,20.0,699.9764854638663
hub_765,Princess Point,-79.8945270389426,43.2729912871819,"809 Desjardins Recreation Trail, Hamilton",4,0,2024-03-09 15:06:26,3150.0,6542.0,10.0,654.2,1392.9283382161834,20.0,69.64641691080917
hub_435,Gore Park,-79.86866354942322,43.25631685939874,"20 King Street East, Hamilton",4,0,2024-03-09 15:06:26,590.0,3398.0,10.0,339.8,5390.287623762831,20.0,269.51438118814156
hub_583,Discovery Drive,-79.86029773950577,43.27606684636728,"Waterfront Trail, Hamilton",4,0,2024-03-09 15:06:26,2040.0,2507.0,10.0,250.7,7258.220311588691,20.0,362.91101557943455
hub_612,Delaware at Myrtle,-79.8495236914621,43.2480454302898,"17, Delaware Avenue, Inch Park, Hamilton, Ontario",4,0,2024-03-09 15:06:26,1460.0,4799.0,10.0,479.9,16109.888415063566,20.0,805.4944207531782
hub_599,Corktown Park,-79.8641461491451,43.2492552510953,"174, Ferguson Avenue South, Corktown, Hamilton, Ontario",4,0,2024-03-09 15:06:26,970.0,5311.0,10.0,531.1,13662.272402488403,20.0,683.1136201244201
hub_564,Locke at Napier,-79.8827367298478,43.2628018805713,"64, Locke Street North, Hess Village, Hamilton, Ontario",4,0,2024-03-09 15:06:26,1800.0,4642.0,10.0,464.2,13071.81606544009,20.0,653.5908032720046
hub_602,King William at Victoria,-79.85582381486893,43.2541543623113,"338, King William Street, Beasley, Hamilton, Ontario",4,0,2024-03-09 15:06:26,620.0,3744.0,10.0,374.4,17835.315980226736,20.0,891.7657990113369
hub_604,Cannon at Wentworth - 96,-79.8475054418754,43.2559617394464,"451, Cannon Street East, Beasley, Hamilton, Ontario",4,0,2024-03-09 15:06:26,1160.0,4202.0,10.0,420.2,13434.260932704776,20.0,671.7130466352388
hub_586,Catharine at Forest,-79.8677950761702,43.2496648107707,"175 Catharine Street South, Hamilton",4,0,2024-03-09 15:06:26,1030.0,4364.0,10.0,436.4,12451.41979216057,20.0,622.5709896080285
hub_570,Queen at Peter,-79.877606006297,43.2618861338306,"80, Queen Street North, Hess Village, Hamilton, Ontario",4,0,2024-03-09 15:06:26,1370.0,3798.0,10.0,379.8,15027.049484390218,20.0,751.3524742195109
hub_610,Cannon at Birch (Powell Park),-79.84128892421722,43.25504613306136,"72 Harvey Street, Hamilton",4,0,2024-03-09 15:06:26,1680.0,7324.0,10.0,732.4,14000.026517207802,20.0,700.0013258603901
hub_596,Wentworth Stairs,-79.85186353325844,43.24487936776345,"203 Wentworth Street South, Hamilton",4,0,2024-03-09 15:06:26,1640.0,4045.0,10.0,404.5,,,
hub_613,Maplewood at Springer,-79.83708053827286,43.245150946389735,"71, Maplewood Avenue, Hamilton, Ontario",4,0,2024-03-09 15:06:26,2440.0,5785.0,10.0,578.5,13962.913354477048,20.0,698.1456677238524
hub_631,Hunter GO Centre,-79.86953258514404,43.25332997554428,"36 Hunter Street East, Hamilton",4,0,2024-03-09 15:06:26,810.0,3286.0,10.0,328.6,8105.24734657866,20.0,405.262367328933
hub_866,Augusta at John,-79.86898005008698,43.25163232878042,"62-64 Augusta Street, Hamilton",3,0,2024-03-09 15:06:26,900.0,3326.0,10.0,332.6,9447.42109704536,20.0,472.371054852268
hub_598,Hunter at Ferguson,-79.86318781971931,43.251798383773966,"175, Hunter Street East, Corktown, Hamilton, Ontario",3,0,2024-03-09 15:06:26,680.0,3501.0,10.0,350.1,10638.167906745304,17.0,625.7745827497238
hub_712,West at Cannon,-79.8561337635964,43.257877862291,"144 West Avenue North, Hamilton",3,0,2024-03-09 15:06:26,450.0,4470.0,10.0,447.0,16095.248055845945,20.0,804.7624027922973
hub_2918,Barton and Belview - ERI05,-79.82217215001583,43.25291050099637,"954 Barton Street East, Hamilton",3,0,2024-03-09 15:06:26,3240.0,3855.0,10.0,385.5,13723.656714958825,20.0,686.1828357479412
hub_2917,Barton at Lottridge - ERI03,-79.83144521713257,43.2552894386678,"779-781 Barton Street East, Hamilton",3,0,2024-03-09 15:06:26,2460.0,3195.0,10.0,319.5,12110.412893156434,20.0,605.5206446578217
hub_2924,King George,-79.82740849256516,43.25112644429895,"75-77 Gage Avenue North, Hamilton",3,0,2024-03-09 15:06:26,2870.0,3698.0,10.0,369.8,15907.636490056053,20.0,795.3818245028026
hub_2925,Belview at Cannon - ERI12,-79.82342541217804,43.24892849906615,"1065 Cannon Street East, Hamilton",3,0,2024-03-09 15:06:26,3250.0,4781.0,10.0,478.1,11930.328563924599,20.0,596.51642819623
hub_709,Park at Robinson,-79.8749090863127,43.2515957745917,"80-92 Robinson Street, Hamilton",3,0,2024-03-09 15:06:26,1270.0,4226.0,10.0,422.6,14615.533428774354,20.0,730.7766714387177
hub_543,Sterling at Haddon,-79.91026729345322,43.26202552179778,"71 Sterling Street, Hamilton",3,0,2024-03-09 15:06:26,3960.0,4793.0,10.0,479.3,8128.911697072362,20.0,406.4455848536181
hub_573,James S at Charlton,-79.8720555723035,43.2496354495324,"232 James Street South, Hamilton",3,0,2024-03-09 15:06:26,1240.0,3955.0,10.0,395.5,11321.041428657221,20.0,566.0520714328611
hub_589,Ferrie at Ferguson,-79.85489845275879,43.266617945064255,"206, Ferrie Street East, North End, Hamilton, Ontario",3,0,2024-03-09 15:06:26,1130.0,5038.0,10.0,503.8,,,
hub_587,Main at Macnab,-79.87145036458969,43.25586951986928,"50 Main Street West, Hamilton",3,0,2024-03-09 15:06:26,820.0,3980.0,10.0,398.0,9834.23718836009,20.0,491.7118594180045
hub_436,James North at Mulberry,-79.86674308776855,43.26181945279216,"200 James Street North, Hamilton",3,0,2024-03-09 15:06:26,610.0,2749.0,10.0,274.9,6034.5207920308985,20.0,301.7260396015449
hub_780,John at Main,-79.86718028783798,43.254529435061336,"57 John Street South, Hamilton",3,0,2024-03-09 15:06:26,570.0,4689.0,10.0,468.9,6149.068226571971,20.0,307.4534113285985
hub_594,Cannon at East,-79.85334813594818,43.25729552525069,"326, Cannon Street East, Beasley, Hamilton, Ontario",3,0,2024-03-09 15:06:26,680.0,5763.0,10.0,576.3,13620.415578021803,20.0,681.0207789010901
hub_552,Chedoke Stairs,-79.90823779724,43.2460802627748,"Chedoke Park, Hamilton, Ontario",3,0,2024-03-09 15:06:26,3990.0,5732.0,10.0,573.2,,,
hub_924,James at Guise,-79.86182928085327,43.27365898786445,"1 Guise Street West, Hamilton",3,0,2024-03-09 15:06:26,1770.0,4927.0,10.0,492.7,6490.094183951629,20.0,324.50470919758146
hub_921,Frid at Main,-79.89262372255325,43.25940517059312,"44 Frid Street, Hamilton",3,0,2024-03-09 15:06:26,2510.0,4317.0,10.0,431.7,14153.095828273403,20.0,707.6547914136702
hub_546,Rail Trail at Emerson,-79.9208028150996,43.2546745875963,"Hamilton Brantford Rail Trail, Emerson Street, Westdale, Hamilton, Ontario",3,0,2024-03-09 15:06:26,4800.0,3470.0,10.0,347.0,9479.129075627043,20.0,473.95645378135214
hub_572,Durand Park,-79.87574994564056,43.24978615747242,"250 Park Street South, Hamilton",3,0,2024-03-09 15:06:26,1450.0,4596.0,10.0,459.6,17079.44174773534,20.0,853.972087386767
hub_568,H.A.A.A. Park,-79.8819466027797,43.2540651616154,"251 Duke Street, Hamilton",2,0,2024-03-09 15:06:26,1690.0,3768.0,10.0,376.8,10586.825444161568,20.0,529.3412722080784
hub_6148,King William at James,-79.86848652362822,43.25763541749527,"39 King William Street, Hamilton",2,0,2024-03-09 15:06:26,550.0,3862.0,10.0,386.2,4731.161241606399,20.0,236.55806208031996
hub_5903,Pier 8,-79.85690742731094,43.27528883070137,"595 Catharine Street North, Hamilton",2,0,2024-03-09 15:06:26,1980.0,4569.0,10.0,456.9,5993.559660927956,20.0,299.6779830463978
hub_708,York at Macnab,-79.86919194459914,43.25901059433612,"25 York Boulevard, Hamilton",2,0,2024-03-09 15:06:26,620.0,2680.0,10.0,268.0,6424.99406799923,20.0,321.2497033999615
hub_575,City Hall,-79.8744987564414,43.2561324863605,"58 Bay Street South, Hamilton",2,0,2024-03-09 15:06:26,1060.0,4118.0,10.0,411.8,13308.043117424513,20.0,665.4021558712257
hub_2916,Sherman at Barton - ERI02,-79.83628392219543,43.25632467316046,"141-147 Sherman Avenue North, Hamilton",2,0,2024-03-09 15:06:26,2060.0,4835.0,10.0,483.5,12509.575110326941,20.0,625.4787555163471
hub_607,Haymarket at Hughson,-79.86883386969566,43.2523698048509,"22 Haymarket Street, Hamilton",2,0,2024-03-09 15:06:26,840.0,3348.0,10.0,334.8,8685.919327431846,20.0,434.29596637159227
hub_563,Locke at Hunter,-79.88510146737099,43.256556155396176,"137, Locke Street South, Hess Village, Hamilton, Ontario",2,0,2024-03-09 15:06:26,1900.0,5256.0,10.0,525.6,6607.486917219326,20.0,330.3743458609663
hub_945,Stadium,-79.83134329318999,43.25161474646046,"17A Cannon Street East, Hamilton",2,0,2024-03-09 15:06:26,2550.0,3074.0,10.0,307.4,12540.750683310727,20.0,627.0375341655364
hub_904,King William at Hughson,-79.86643463373184,43.2569048421661,"55 King William Street, Hamilton",2,0,2024-03-09 15:06:26,400.0,3140.0,10.0,314.0,3791.2139271191822,20.0,189.56069635595912
hub_548,Rail Trail at Stroud,-79.9166152756283,43.2535916384655,"Hamilton Brantford Rail Trail, Emerson Street, Westdale, Hamilton, Ontario",2,0,2024-03-09 15:06:26,4470.0,5096.0,10.0,509.6,18991.88551706542,20.0,949.594275853271
hub_558,Dundurn St S,-79.8909067737901,43.2548127612063,"229-233 Dundurn Street South, Hamilton",2,0,2024-03-09 15:06:26,2390.0,3776.0,10.0,377.6,10758.068733533259,20.0,537.903436676663
hub_2868,King Street Dundas,-79.95375394821166,43.26595632543361,"6-8 Main Street, Hamilton",1,0,2024-03-09 15:06:26,7510.0,1379.0,10.0,137.9,4904.562971819988,20.0,245.2281485909994
hub_1468,270 Sherman,-79.83437284827232,43.26044140942891,"272, Sherman Avenue North, Hamilton, Ontario",1,0,2024-03-09 15:06:26,2230.0,4861.0,10.0,486.1,16136.997797290118,20.0,806.8498898645059
hub_603,Barton at Wentworth,-79.8449581861496,43.25893246012055,"501 Barton Street East, Hamilton",1,0,2024-03-09 15:06:26,1360.0,3887.0,10.0,388.7,12493.175304656048,20.0,624.6587652328024
hub_588,Ferguson at Barton,-79.8582423171631,43.262056982995,"186, Ferguson Avenue North, Beasley, Hamilton, Ontario",1,0,2024-03-09 15:06:26,550.0,3274.0,10.0,327.4,15271.55604251097,20.0,763.5778021255485
hub_605,Wentworth at King,-79.84910354018211,43.25199038416551,"16 Wentworth Street South, Hamilton",1,0,2024-03-09 15:06:26,1200.0,4545.0,10.0,454.5,12422.151263438911,20.0,621.1075631719456
hub_5838,King at Sanford,-79.84635829925537,43.251884127702,"735, King Street East, Hamilton, Ontario",1,0,2024-03-09 15:06:26,1400.0,4154.0,10.0,415.4,13571.871807336529,20.0,678.5935903668264
hub_894,Forsyth at Sterling,-79.91580605506897,43.26271404114188,"88 Forsyth Avenue North, Hamilton",1,0,2024-03-09 15:06:26,4420.0,3082.0,10.0,308.2,14952.267382581877,20.0,747.6133691290938
hub_5846,Cannon at Steven,-79.84998129308224,43.25646071175471,"400-408 Cannon Street East, Hamilton",1,0,2024-03-09 15:06:26,960.0,4902.0,10.0,490.2,12848.011391147622,20.0,642.4005695573811
hub_539,Sanders at Binkley,-79.92979913949966,43.25875372772543,"58, Sanders Boulevard, University Gardens, Hamilton, Ontario",1,0,2024-03-09 15:06:26,5520.0,6576.0,10.0,657.6,12653.685721471084,20.0,632.6842860735542
